{
  "duration_sec": 179.94508910179138,
  "write_bytes": 5896352563,
  "read_bytes": 5896352563,
  "write_duration_sec": 113.87236404418945,
  "read_duration_sec": 64.76960301399231,
  "read_MBps_avg": 86.81850340497647,
  "write_MBps_avg": 49.38160410569082,
  "read_ok_ops": 40,
  "write_ok_ops": 40,
  "err_ops": 0
}