{
  "duration_sec": 44.86144495010376,
  "read_MBps_avg": 0.0,
  "write_MBps_avg": 2.046300480917195,
  "read_ok_ops": 0,
  "write_ok_ops": 6,
  "err_ops": 0
}